Team A,Team B,Tourney Qualifying games*,divname,Score A,Score B,Team A Wins,Index A,Index B,Div A,Div B
AHOC,Gothrilla,-99,4/3 Div 1,15,12,True,0,1,4/3 Div 1,4/3 Div 1
AHOC,BBN,-99,4/3 Div 1,15,1,True,0,9,4/3 Div 1,4/3 Div 1
AHOC,Stonecutters,-99,4/3 Div 1,15,8,True,0,41,4/3 Div 1,5/2 Div 1
AHOC,FlowChart,-99,4/3 Div 1,15,10,True,0,2,4/3 Div 1,4/3 Div 1
AHOC,Lady and the BAMF,-99,4/3 Div 1,15,5,True,0,28,4/3 Div 1,4/3 Div 2
AHOC,Swingers,-99,4/3 Div 1,15,11,True,0,5,4/3 Div 1,4/3 Div 1
AHOC,Upstream,-99,4/3 Div 1,15,10,True,0,10,4/3 Div 1,4/3 Div 2
AHOC,Tubbs,-99,4/3 Div 1,15,6,True,0,29,4/3 Div 1,4/3 Div 2
AHOC,Stonecutters,-99,4/3 Div 1,15,10,True,0,41,4/3 Div 1,5/2 Div 1
AHOC,Zerg Rush!,-99,4/3 Div 1,15,8,True,0,4,4/3 Div 1,4/3 Div 1
AHOC,Turtle Boy,-99,4/3 Div 1,15,6,True,0,7,4/3 Div 1,4/3 Div 1
AHOC,"Live Poultry, Fresh Killed (LPFK)",-99,4/3 Div 1,15,7,True,0,8,4/3 Div 1,4/3 Div 1
AHOC,TuneSquad,-99,4/3 Div 1,15,4,True,0,6,4/3 Div 1,4/3 Div 1
AHOC,JuJu Hex,-99,4/3 Div 1,15,12,True,0,43,4/3 Div 1,5/2 Div 2
Gothrilla,Swingers,-99,4/3 Div 1,9,13,False,1,5,4/3 Div 1,4/3 Div 1
Gothrilla,FlowChart,-99,4/3 Div 1,15,7,True,1,2,4/3 Div 1,4/3 Div 1
Gothrilla,Hucky McThrowandcatch,-99,4/3 Div 1,14,10,True,1,50,4/3 Div 1,5/2 Div 2
Gothrilla,SnakeCountryBromance,-99,4/3 Div 1,10,15,False,1,40,4/3 Div 1,5/2 Div 1
Gothrilla,Zerg Rush!,-99,4/3 Div 1,11,15,False,1,4,4/3 Div 1,4/3 Div 1
Gothrilla,GrassBurner,-99,4/3 Div 1,15,13,True,1,3,4/3 Div 1,4/3 Div 1
Gothrilla,Turtle Boy,-99,4/3 Div 1,13,12,True,1,7,4/3 Div 1,4/3 Div 1
Gothrilla,"Live Poultry, Fresh Killed (LPFK)",-99,4/3 Div 1,15,11,True,1,8,4/3 Div 1,4/3 Div 1
Gothrilla,Upstream,-99,4/3 Div 1,15,12,True,1,10,4/3 Div 1,4/3 Div 2
Gothrilla,"Live Poultry, Fresh Killed (LPFK)",-99,4/3 Div 1,15,8,True,1,8,4/3 Div 1,4/3 Div 1
Gothrilla,TuneSquad,-99,4/3 Div 1,15,7,True,1,6,4/3 Div 1,4/3 Div 1
Gothrilla,BBN,-99,4/3 Div 1,15,10,True,1,9,4/3 Div 1,4/3 Div 1
Gothrilla,Swingers,-99,4/3 Div 1,13,6,True,1,5,4/3 Div 1,4/3 Div 1
Gothrilla,Zerg Rush!,-99,4/3 Div 1,16,14,True,1,4,4/3 Div 1,4/3 Div 1
Gothrilla,GrassBurner,-99,4/3 Div 1,0,0,False,1,3,4/3 Div 1,4/3 Div 1
Gothrilla,Shake and Bake,-99,4/3 Div 1,15,3,True,1,42,4/3 Div 1,5/2 Div 1
FlowChart,GrassBurner,-99,4/3 Div 1,15,12,True,2,3,4/3 Div 1,4/3 Div 1
FlowChart,Dominion,-99,4/3 Div 1,15,9,True,2,23,4/3 Div 1,4/3 Div 2
FlowChart,GrassBurner,-99,4/3 Div 1,15,10,True,2,3,4/3 Div 1,4/3 Div 1
FlowChart,Rogues' Gallery,-99,4/3 Div 1,15,6,True,2,24,4/3 Div 1,4/3 Div 2
FlowChart,Moose Lightning,-99,4/3 Div 1,15,10,True,2,27,4/3 Div 1,4/3 Div 2
FlowChart,Swingers,-99,4/3 Div 1,15,13,True,2,5,4/3 Div 1,4/3 Div 1
FlowChart,JHOP,-99,4/3 Div 1,15,12,True,2,17,4/3 Div 1,4/3 Div 2
FlowChart,TuneSquad,-99,4/3 Div 1,13,12,True,2,6,4/3 Div 1,4/3 Div 1
FlowChart,Turtle Boy,-99,4/3 Div 1,15,13,True,2,7,4/3 Div 1,4/3 Div 1
FlowChart,"Live Poultry, Fresh Killed (LPFK)",-99,4/3 Div 1,14,9,True,2,8,4/3 Div 1,4/3 Div 1
FlowChart,Upstream,-99,4/3 Div 1,9,15,False,2,10,4/3 Div 1,4/3 Div 2
FlowChart,Fetch,-99,4/3 Div 1,15,9,True,2,21,4/3 Div 1,4/3 Div 2
FlowChart,BBN,-99,4/3 Div 1,15,12,True,2,9,4/3 Div 1,4/3 Div 1
FlowChart,Zerg Rush!,-99,4/3 Div 1,13,15,False,2,4,4/3 Div 1,4/3 Div 1
GrassBurner,BBN,-99,4/3 Div 1,15,8,True,3,9,4/3 Div 1,4/3 Div 1
GrassBurner,TuneSquad,-99,4/3 Div 1,15,7,True,3,6,4/3 Div 1,4/3 Div 1
GrassBurner,Disc Envy,-99,4/3 Div 1,15,9,True,3,19,4/3 Div 1,4/3 Div 2
GrassBurner,Hipster Kitties,-99,4/3 Div 1,15,10,True,3,30,4/3 Div 1,4/3 Div 2
GrassBurner,SnakeCountryBromance,-99,4/3 Div 1,9,15,False,3,40,4/3 Div 1,5/2 Div 1
GrassBurner,BBN,-99,4/3 Div 1,15,6,True,3,9,4/3 Div 1,4/3 Div 1
GrassBurner,"Live Poultry, Fresh Killed (LPFK)",-99,4/3 Div 1,15,11,True,3,8,4/3 Div 1,4/3 Div 1
GrassBurner,JuJu Hex,-99,4/3 Div 1,0,0,False,3,43,4/3 Div 1,5/2 Div 2
GrassBurner,Puddingstone,-99,4/3 Div 1,15,14,True,3,12,4/3 Div 1,4/3 Div 2
GrassBurner,Swingers,-99,4/3 Div 1,13,15,False,3,5,4/3 Div 1,4/3 Div 1
GrassBurner,Zerg Rush!,-99,4/3 Div 1,13,15,False,3,4,4/3 Div 1,4/3 Div 1
GrassBurner,JHOP,-99,4/3 Div 1,15,11,True,3,17,4/3 Div 1,4/3 Div 2
GrassBurner,Moose Lightning,-99,4/3 Div 1,13,15,False,3,27,4/3 Div 1,4/3 Div 2
GrassBurner,Turtle Boy,-99,4/3 Div 1,13,9,True,3,7,4/3 Div 1,4/3 Div 1
GrassBurner,Rogues' Gallery,-99,4/3 Div 1,14,15,False,3,24,4/3 Div 1,4/3 Div 2
GrassBurner,SHRedline,-99,4/3 Div 1,14,11,True,3,51,4/3 Div 1,5/2 Div 2
GrassBurner,Stonecutters,-99,4/3 Div 1,12,11,True,3,41,4/3 Div 1,5/2 Div 1
Zerg Rush!,TuneSquad,-99,4/3 Div 1,15,9,True,4,6,4/3 Div 1,4/3 Div 1
Zerg Rush!,SnakeCountryBromance,-99,4/3 Div 1,10,15,False,4,40,4/3 Div 1,5/2 Div 1
Zerg Rush!,Moose Lightning,-99,4/3 Div 1,15,10,True,4,27,4/3 Div 1,4/3 Div 2
Zerg Rush!,Swingers,-99,4/3 Div 1,13,8,True,4,5,4/3 Div 1,4/3 Div 1
Zerg Rush!,Turtle Boy,-99,4/3 Div 1,14,12,True,4,7,4/3 Div 1,4/3 Div 1
Zerg Rush!,Injustice League,-99,4/3 Div 1,15,13,True,4,11,4/3 Div 1,4/3 Div 2
Zerg Rush!,Puddingstone,-99,4/3 Div 1,11,15,False,4,12,4/3 Div 1,4/3 Div 2
Zerg Rush!,Fetch,-99,4/3 Div 1,15,8,True,4,21,4/3 Div 1,4/3 Div 2
Zerg Rush!,"Live Poultry, Fresh Killed (LPFK)",-99,4/3 Div 1,15,10,True,4,8,4/3 Div 1,4/3 Div 1
Swingers,"Live Poultry, Fresh Killed (LPFK)",-99,4/3 Div 1,14,15,False,5,8,4/3 Div 1,4/3 Div 1
Swingers,JHOP,-99,4/3 Div 1,15,12,True,5,17,4/3 Div 1,4/3 Div 2
Swingers,TuneSquad,-99,4/3 Div 1,10,12,False,5,6,4/3 Div 1,4/3 Div 1
Swingers,BBN,-99,4/3 Div 1,13,9,True,5,9,4/3 Div 1,4/3 Div 1
Swingers,Turtle Boy,-99,4/3 Div 1,15,10,True,5,7,4/3 Div 1,4/3 Div 1
Swingers,Shake and Bake,-99,4/3 Div 1,0,0,False,5,42,4/3 Div 1,5/2 Div 1
Swingers,Stonecutters,-99,4/3 Div 1,8,11,False,5,41,4/3 Div 1,5/2 Div 1
TuneSquad,TuneSquad Squared,-99,4/3 Div 1,15,3,True,6,31,4/3 Div 1,4/3 Div 2
TuneSquad,Puddingstone,-99,4/3 Div 1,13,11,True,6,12,4/3 Div 1,4/3 Div 2
TuneSquad,Shake and Bake,-99,4/3 Div 1,0,0,False,6,42,4/3 Div 1,5/2 Div 1
TuneSquad,Puddingstone,-99,4/3 Div 1,7,15,False,6,12,4/3 Div 1,4/3 Div 2
TuneSquad,"Live Poultry, Fresh Killed (LPFK)",-99,4/3 Div 1,17,15,True,6,8,4/3 Div 1,4/3 Div 1
TuneSquad,BBN,-99,4/3 Div 1,16,17,False,6,9,4/3 Div 1,4/3 Div 1
TuneSquad,Dominion,-99,4/3 Div 1,15,4,True,6,23,4/3 Div 1,4/3 Div 2
TuneSquad,Turtle Boy,-99,4/3 Div 1,15,10,True,6,7,4/3 Div 1,4/3 Div 1
Turtle Boy,Injustice League,-99,4/3 Div 1,12,15,False,7,11,4/3 Div 1,4/3 Div 2
Turtle Boy,"Live Poultry, Fresh Killed (LPFK)",-99,4/3 Div 1,15,10,True,7,8,4/3 Div 1,4/3 Div 1
Turtle Boy,Puddingstone,-99,4/3 Div 1,11,15,False,7,12,4/3 Div 1,4/3 Div 2
Turtle Boy,Lady and the BAMF,-99,4/3 Div 1,12,9,True,7,28,4/3 Div 1,4/3 Div 2
Turtle Boy,Dominion,-99,4/3 Div 1,13,5,True,7,23,4/3 Div 1,4/3 Div 2
Turtle Boy,Upstream,-99,4/3 Div 1,7,15,False,7,10,4/3 Div 1,4/3 Div 2
Turtle Boy,Shake and Bake,-99,4/3 Div 1,15,3,True,7,42,4/3 Div 1,5/2 Div 1
Turtle Boy,Stonecutters,-99,4/3 Div 1,12,9,True,7,41,4/3 Div 1,5/2 Div 1
"Live Poultry, Fresh Killed (LPFK)",BBN,-99,4/3 Div 1,10,15,False,8,9,4/3 Div 1,4/3 Div 1
"Live Poultry, Fresh Killed (LPFK)",Rogues' Gallery,-99,4/3 Div 1,15,9,True,8,24,4/3 Div 1,4/3 Div 2
"Live Poultry, Fresh Killed (LPFK)",Upstream,-99,4/3 Div 1,14,12,True,8,10,4/3 Div 1,4/3 Div 2
"Live Poultry, Fresh Killed (LPFK)",Rubs The Duckie,-99,4/3 Div 1,12,13,False,8,18,4/3 Div 1,4/3 Div 2
"Live Poultry, Fresh Killed (LPFK)",Lady and the BAMF,-99,4/3 Div 1,15,11,True,8,28,4/3 Div 1,4/3 Div 2
"Live Poultry, Fresh Killed (LPFK)",Hucky McThrowandcatch,-99,4/3 Div 1,15,12,True,8,50,4/3 Div 1,5/2 Div 2
"Live Poultry, Fresh Killed (LPFK)",Injustice League,-99,4/3 Div 1,7,15,False,8,11,4/3 Div 1,4/3 Div 2
"Live Poultry, Fresh Killed (LPFK)",Tubbs,-99,4/3 Div 1,15,8,True,8,29,4/3 Div 1,4/3 Div 2
"Live Poultry, Fresh Killed (LPFK)",License to Kilt (fka Scoobers in Scotland),-99,4/3 Div 1,11,15,False,8,15,4/3 Div 1,4/3 Div 2
"Live Poultry, Fresh Killed (LPFK)",Puddingstone,-99,4/3 Div 1,11,15,False,8,12,4/3 Div 1,4/3 Div 2
BBN,Shake and Bake,-99,4/3 Div 1,11,15,False,9,42,4/3 Div 1,5/2 Div 1
BBN,Injustice League,-99,4/3 Div 1,8,15,False,9,11,4/3 Div 1,4/3 Div 2
BBN,Stonecutters,-99,4/3 Div 1,14,14,False,9,41,4/3 Div 1,5/2 Div 1
Upstream,Store Bought Dirt,-99,4/3 Div 2,13,9,True,10,20,4/3 Div 2,4/3 Div 2
Upstream,Too Drunk to Fail,-99,4/3 Div 2,14,10,True,10,32,4/3 Div 2,4/3 Div 3
Upstream,Jack's Abby HAOS Lager,-99,4/3 Div 2,12,13,False,10,14,4/3 Div 2,4/3 Div 2
Upstream,Lady and the BAMF,-99,4/3 Div 2,15,10,True,10,28,4/3 Div 2,4/3 Div 2
Upstream,Moose Lightning,-99,4/3 Div 2,15,5,True,10,27,4/3 Div 2,4/3 Div 2
Upstream,JHOP,-99,4/3 Div 2,15,9,True,10,17,4/3 Div 2,4/3 Div 2
Upstream,Underwater Monkey Cowboys,-99,4/3 Div 2,15,5,True,10,36,4/3 Div 2,4/3 Div 3
Upstream,SHRedline,-99,4/3 Div 2,14,12,True,10,51,4/3 Div 2,5/2 Div 2
Upstream,Disc Envy,-99,4/3 Div 2,15,6,True,10,19,4/3 Div 2,4/3 Div 2
Upstream,Toads,-99,4/3 Div 2,15,8,True,10,16,4/3 Div 2,4/3 Div 2
Upstream,Puddingstone,-99,4/3 Div 2,15,8,True,10,12,4/3 Div 2,4/3 Div 2
Upstream,Jack's Abby HAOS Lager,-99,4/3 Div 2,13,15,False,10,14,4/3 Div 2,4/3 Div 2
Upstream,JHOP,-99,4/3 Div 2,15,7,True,10,17,4/3 Div 2,4/3 Div 2
Upstream,TuneSquad Squared,-99,4/3 Div 2,15,5,True,10,31,4/3 Div 2,4/3 Div 2
Upstream,License to Kilt (fka Scoobers in Scotland),-99,4/3 Div 2,15,11,True,10,15,4/3 Div 2,4/3 Div 2
Upstream,A Lil Bit Sticky,-99,4/3 Div 2,15,9,True,10,25,4/3 Div 2,4/3 Div 2
Upstream,Hipster Kitties,-99,4/3 Div 2,9,12,False,10,30,4/3 Div 2,4/3 Div 2
Upstream,Tubbs,-99,4/3 Div 2,15,8,True,10,29,4/3 Div 2,4/3 Div 2
Upstream,Store Bought Dirt,-99,4/3 Div 2,15,8,True,10,20,4/3 Div 2,4/3 Div 2
Upstream,Nerd Alert,-99,4/3 Div 2,13,4,True,10,26,4/3 Div 2,4/3 Div 2
Upstream,Fetch,-99,4/3 Div 2,13,7,True,10,21,4/3 Div 2,4/3 Div 2
Injustice League,A Lil Bit Sticky,-99,4/3 Div 2,15,7,True,11,25,4/3 Div 2,4/3 Div 2
Injustice League,Jack's Abby HAOS Lager,-99,4/3 Div 2,15,7,True,11,14,4/3 Div 2,4/3 Div 2
Injustice League,Hipster Kitties,-99,4/3 Div 2,15,3,True,11,30,4/3 Div 2,4/3 Div 2
Injustice League,Moose Lightning,-99,4/3 Div 2,15,4,True,11,27,4/3 Div 2,4/3 Div 2
Injustice League,Tubbs,-99,4/3 Div 2,15,5,True,11,29,4/3 Div 2,4/3 Div 2
Injustice League,Booooooosh!,-99,4/3 Div 2,15,8,True,11,22,4/3 Div 2,4/3 Div 2
Injustice League,Dominion,-99,4/3 Div 2,15,12,True,11,23,4/3 Div 2,4/3 Div 2
Injustice League,Fetch,-99,4/3 Div 2,15,10,True,11,21,4/3 Div 2,4/3 Div 2
Injustice League,Hipster Kitties,-99,4/3 Div 2,15,3,True,11,30,4/3 Div 2,4/3 Div 2
Injustice League,Rogues' Gallery,-99,4/3 Div 2,15,9,True,11,24,4/3 Div 2,4/3 Div 2
Injustice League,Puddingstone,-99,4/3 Div 2,14,12,True,11,12,4/3 Div 2,4/3 Div 2
Puddingstone,Nerd Alert,-99,4/3 Div 2,15,8,True,12,26,4/3 Div 2,4/3 Div 2
Puddingstone,Dominion,-99,4/3 Div 2,15,4,True,12,23,4/3 Div 2,4/3 Div 2
Puddingstone,License to Kilt (fka Scoobers in Scotland),-99,4/3 Div 2,15,6,True,12,15,4/3 Div 2,4/3 Div 2
Puddingstone,Moose Lightning,-99,4/3 Div 2,15,8,True,12,27,4/3 Div 2,4/3 Div 2
Puddingstone,Rubs The Duckie,-99,4/3 Div 2,15,11,True,12,18,4/3 Div 2,4/3 Div 2
Puddingstone,Toads,-99,4/3 Div 2,15,12,True,12,16,4/3 Div 2,4/3 Div 2
Puddingstone,Hipster Kitties,-99,4/3 Div 2,15,3,True,12,30,4/3 Div 2,4/3 Div 2
Puddingstone,Fetch,-99,4/3 Div 2,13,10,True,12,21,4/3 Div 2,4/3 Div 2
Puddingstone,The Funky Bunch,-99,4/3 Div 2,15,6,True,12,52,4/3 Div 2,5/2 Div 2
Puddingstone,JHOP,-99,4/3 Div 2,14,13,True,12,17,4/3 Div 2,4/3 Div 2
Puddingstone,Rogues' Gallery,-99,4/3 Div 2,14,10,True,12,24,4/3 Div 2,4/3 Div 2
Puddingstone,Store Bought Dirt,-99,4/3 Div 2,15,5,True,12,20,4/3 Div 2,4/3 Div 2
Puddingstone,Maverick,-99,4/3 Div 2,11,13,False,12,46,4/3 Div 2,5/2 Div 2
Puddingstone,Jack's Abby HAOS Lager,-99,4/3 Div 2,10,15,False,12,14,4/3 Div 2,4/3 Div 2
Puddingstone,A Lil Bit Sticky,-99,4/3 Div 2,13,7,True,12,25,4/3 Div 2,4/3 Div 2
Puddingstone,TuneSquad Squared,-99,4/3 Div 2,15,4,True,12,31,4/3 Div 2,4/3 Div 2
Flaming Croissants,Demons,-99,4/3 Div 2,10,14,False,13,57,4/3 Div 2,5/2 Div 3
Flaming Croissants,Dominion,-99,4/3 Div 2,15,13,True,13,23,4/3 Div 2,4/3 Div 2
Flaming Croissants,Spam,-99,4/3 Div 2,15,4,True,13,60,4/3 Div 2,5/2 Div 3
Flaming Croissants,Top Shelf,-99,4/3 Div 2,13,3,True,13,38,4/3 Div 2,4/3 Div 3
Flaming Croissants,Fetch,-99,4/3 Div 2,17,16,True,13,21,4/3 Div 2,4/3 Div 2
Flaming Croissants,Store Bought Dirt,-99,4/3 Div 2,11,15,False,13,20,4/3 Div 2,4/3 Div 2
Flaming Croissants,Moose Lightning,-99,4/3 Div 2,15,13,True,13,27,4/3 Div 2,4/3 Div 2
Flaming Croissants,A Lil Bit Sticky,-99,4/3 Div 2,15,6,True,13,25,4/3 Div 2,4/3 Div 2
Flaming Croissants,JHOP,-99,4/3 Div 2,9,15,False,13,17,4/3 Div 2,4/3 Div 2
Flaming Croissants,Nerd Alert,-99,4/3 Div 2,15,6,True,13,26,4/3 Div 2,4/3 Div 2
Flaming Croissants,Rubs The Duckie,-99,4/3 Div 2,17,15,True,13,18,4/3 Div 2,4/3 Div 2
Flaming Croissants,Underwater Monkey Cowboys,-99,4/3 Div 2,15,6,True,13,36,4/3 Div 2,4/3 Div 3
Flaming Croissants,Disc Envy,-99,4/3 Div 2,16,14,True,13,19,4/3 Div 2,4/3 Div 2
Flaming Croissants,Oddjob,-99,4/3 Div 2,15,7,True,13,33,4/3 Div 2,4/3 Div 3
Flaming Croissants,Jack's Abby HAOS Lager,-99,4/3 Div 2,12,15,False,13,14,4/3 Div 2,4/3 Div 2
Flaming Croissants,Booooooosh!,-99,4/3 Div 2,16,14,True,13,22,4/3 Div 2,4/3 Div 2
Flaming Croissants,Stack to the Future,-99,4/3 Div 2,15,13,True,13,35,4/3 Div 2,4/3 Div 3
Flaming Croissants,Baboon Heart,-99,4/3 Div 2,0,1,False,13,37,4/3 Div 2,4/3 Div 3
Flaming Croissants,Rogues' Gallery,-99,4/3 Div 2,15,13,True,13,24,4/3 Div 2,4/3 Div 2
Flaming Croissants,Hipster Kitties,-99,4/3 Div 2,15,2,True,13,30,4/3 Div 2,4/3 Div 2
Jack's Abby HAOS Lager,TuneSquad Squared,-99,4/3 Div 2,15,5,True,14,31,4/3 Div 2,4/3 Div 2
Jack's Abby HAOS Lager,Lady and the BAMF,-99,4/3 Div 2,15,10,True,14,28,4/3 Div 2,4/3 Div 2
Jack's Abby HAOS Lager,Toads,-99,4/3 Div 2,14,15,False,14,16,4/3 Div 2,4/3 Div 2
Jack's Abby HAOS Lager,Store Bought Dirt,-99,4/3 Div 2,15,10,True,14,20,4/3 Div 2,4/3 Div 2
Jack's Abby HAOS Lager,License to Kilt (fka Scoobers in Scotland),-99,4/3 Div 2,15,9,True,14,15,4/3 Div 2,4/3 Div 2
Jack's Abby HAOS Lager,A Lil Bit Sticky,-99,4/3 Div 2,15,4,True,14,25,4/3 Div 2,4/3 Div 2
Jack's Abby HAOS Lager,Disc Envy,-99,4/3 Div 2,15,8,True,14,19,4/3 Div 2,4/3 Div 2
License to Kilt (fka Scoobers in Scotland),Pink Flamingos,-99,4/3 Div 2,3,15,False,15,44,4/3 Div 2,5/2 Div 2
License to Kilt (fka Scoobers in Scotland),Fetch,-99,4/3 Div 2,15,7,True,15,21,4/3 Div 2,4/3 Div 2
License to Kilt (fka Scoobers in Scotland),Nerd Alert,-99,4/3 Div 2,15,5,True,15,26,4/3 Div 2,4/3 Div 2
License to Kilt (fka Scoobers in Scotland),Tubbs,-99,4/3 Div 2,15,12,True,15,29,4/3 Div 2,4/3 Div 2
License to Kilt (fka Scoobers in Scotland),Store Bought Dirt,-99,4/3 Div 2,15,9,True,15,20,4/3 Div 2,4/3 Div 2
License to Kilt (fka Scoobers in Scotland),JHOP,-99,4/3 Div 2,12,13,False,15,17,4/3 Div 2,4/3 Div 2
License to Kilt (fka Scoobers in Scotland),Stack to the Future,-99,4/3 Div 2,15,12,True,15,35,4/3 Div 2,4/3 Div 3
License to Kilt (fka Scoobers in Scotland),Toads,-99,4/3 Div 2,15,11,True,15,16,4/3 Div 2,4/3 Div 2
License to Kilt (fka Scoobers in Scotland),Rubs The Duckie,-99,4/3 Div 2,15,9,True,15,18,4/3 Div 2,4/3 Div 2
License to Kilt (fka Scoobers in Scotland),Rogues' Gallery,-99,4/3 Div 2,15,10,True,15,24,4/3 Div 2,4/3 Div 2
License to Kilt (fka Scoobers in Scotland),SHRedline,-99,4/3 Div 2,13,15,False,15,51,4/3 Div 2,5/2 Div 2
License to Kilt (fka Scoobers in Scotland),Moose Lightning,-99,4/3 Div 2,15,8,True,15,27,4/3 Div 2,4/3 Div 2
License to Kilt (fka Scoobers in Scotland),Hipster Kitties,-99,4/3 Div 2,15,3,True,15,30,4/3 Div 2,4/3 Div 2
License to Kilt (fka Scoobers in Scotland),A Lil Bit Sticky,-99,4/3 Div 2,15,8,True,15,25,4/3 Div 2,4/3 Div 2
License to Kilt (fka Scoobers in Scotland),Booooooosh!,-99,4/3 Div 2,15,10,True,15,22,4/3 Div 2,4/3 Div 2
Toads,Baboon Heart,-99,4/3 Div 2,13,11,True,16,37,4/3 Div 2,4/3 Div 3
Toads,Store Bought Dirt,-99,4/3 Div 2,12,15,False,16,20,4/3 Div 2,4/3 Div 2
Toads,Top Shelf,-99,4/3 Div 2,15,12,True,16,38,4/3 Div 2,4/3 Div 3
Toads,Lady and the BAMF,-99,4/3 Div 2,14,11,True,16,28,4/3 Div 2,4/3 Div 2
Toads,A Lil Bit Sticky,-99,4/3 Div 2,15,8,True,16,25,4/3 Div 2,4/3 Div 2
Toads,Spam,-99,4/3 Div 2,15,11,True,16,60,4/3 Div 2,5/2 Div 3
Toads,Rabbit Disc,-99,4/3 Div 2,13,11,True,16,54,4/3 Div 2,5/2 Div 3
Toads,Rogues' Gallery,-99,4/3 Div 2,15,8,True,16,24,4/3 Div 2,4/3 Div 2
Toads,Moose Lightning,-99,4/3 Div 2,15,4,True,16,27,4/3 Div 2,4/3 Div 2
Toads,TuneSquad Squared,-99,4/3 Div 2,15,8,True,16,31,4/3 Div 2,4/3 Div 2
Toads,Lady and the BAMF,-99,4/3 Div 2,15,7,True,16,28,4/3 Div 2,4/3 Div 2
Toads,Store Bought Dirt,-99,4/3 Div 2,10,15,False,16,20,4/3 Div 2,4/3 Div 2
Toads,Nerd Alert,-99,4/3 Div 2,10,15,False,16,26,4/3 Div 2,4/3 Div 2
Toads,Tubbs,-99,4/3 Div 2,15,8,True,16,29,4/3 Div 2,4/3 Div 2
Toads,JHOP,-99,4/3 Div 2,15,10,True,16,17,4/3 Div 2,4/3 Div 2
Toads,Killer Bees,-99,4/3 Div 2,15,11,True,16,61,4/3 Div 2,5/2 Div 3
Toads,Rubs The Duckie,-99,4/3 Div 2,12,15,False,16,18,4/3 Div 2,4/3 Div 2
Toads,Underwater Monkey Cowboys,-99,4/3 Div 2,15,9,True,16,36,4/3 Div 2,4/3 Div 3
Toads,Fetch,-99,4/3 Div 2,8,15,False,16,21,4/3 Div 2,4/3 Div 2
JHOP,Fetch,-99,4/3 Div 2,10,14,False,17,21,4/3 Div 2,4/3 Div 2
JHOP,Store Bought Dirt,-99,4/3 Div 2,12,10,True,17,20,4/3 Div 2,4/3 Div 2
JHOP,Top Shelf,-99,4/3 Div 2,15,10,True,17,38,4/3 Div 2,4/3 Div 3
JHOP,Tubbs,-99,4/3 Div 2,15,4,True,17,29,4/3 Div 2,4/3 Div 2
JHOP,Stack to the Future,-99,4/3 Div 2,12,10,True,17,35,4/3 Div 2,4/3 Div 3
JHOP,Disc Envy,-99,4/3 Div 2,15,12,True,17,19,4/3 Div 2,4/3 Div 2
JHOP,Oddjob,-99,4/3 Div 2,15,5,True,17,33,4/3 Div 2,4/3 Div 3
JHOP,Booooooosh!,-99,4/3 Div 2,15,13,True,17,22,4/3 Div 2,4/3 Div 2
JHOP,Rogues' Gallery,-99,4/3 Div 2,12,12,False,17,24,4/3 Div 2,4/3 Div 2
JHOP,Nerd Alert,-99,4/3 Div 2,15,8,True,17,26,4/3 Div 2,4/3 Div 2
JHOP,TuneSquad Squared,-99,4/3 Div 2,15,8,True,17,31,4/3 Div 2,4/3 Div 2
JHOP,Lady and the BAMF,-99,4/3 Div 2,15,5,True,17,28,4/3 Div 2,4/3 Div 2
Rubs The Duckie,Moose Lightning,-99,4/3 Div 2,15,7,True,18,27,4/3 Div 2,4/3 Div 2
Rubs The Duckie,Nerd Alert,-99,4/3 Div 2,13,14,False,18,26,4/3 Div 2,4/3 Div 2
Rubs The Duckie,Hipster Kitties,-99,4/3 Div 2,15,6,True,18,30,4/3 Div 2,4/3 Div 2
Rubs The Duckie,TuneSquad Squared,-99,4/3 Div 2,15,8,True,18,31,4/3 Div 2,4/3 Div 2
Rubs The Duckie,Store Bought Dirt,-99,4/3 Div 2,15,10,True,18,20,4/3 Div 2,4/3 Div 2
Rubs The Duckie,Dominion,-99,4/3 Div 2,15,12,True,18,23,4/3 Div 2,4/3 Div 2
Rubs The Duckie,Rogues' Gallery,-99,4/3 Div 2,15,11,True,18,24,4/3 Div 2,4/3 Div 2
Rubs The Duckie,Disc Envy,-99,4/3 Div 2,12,9,True,18,19,4/3 Div 2,4/3 Div 2
Disc Envy,Store Bought Dirt,-99,4/3 Div 2,15,10,True,19,20,4/3 Div 2,4/3 Div 2
Disc Envy,Fetch,-99,4/3 Div 2,15,7,True,19,21,4/3 Div 2,4/3 Div 2
Disc Envy,A Lil Bit Sticky,-99,4/3 Div 2,11,10,True,19,25,4/3 Div 2,4/3 Div 2
Disc Envy,Baboon Heart,-99,4/3 Div 2,15,3,True,19,37,4/3 Div 2,4/3 Div 3
Disc Envy,Booooooosh!,-99,4/3 Div 2,15,11,True,19,22,4/3 Div 2,4/3 Div 2
Disc Envy,Moose Lightning,-99,4/3 Div 2,15,12,True,19,27,4/3 Div 2,4/3 Div 2
Disc Envy,Rogues' Gallery,-99,4/3 Div 2,15,16,False,19,24,4/3 Div 2,4/3 Div 2
Disc Envy,Lady and the BAMF,-99,4/3 Div 2,15,4,True,19,28,4/3 Div 2,4/3 Div 2
Disc Envy,Top Shelf,-99,4/3 Div 2,15,6,True,19,38,4/3 Div 2,4/3 Div 3
Disc Envy,Nerd Alert,-99,4/3 Div 2,14,15,False,19,26,4/3 Div 2,4/3 Div 2
Disc Envy,TuneSquad Squared,-99,4/3 Div 2,15,5,True,19,31,4/3 Div 2,4/3 Div 2
Store Bought Dirt,M.O.B.,-99,4/3 Div 2,11,9,True,20,65,4/3 Div 2,5/2 Div 3
Store Bought Dirt,Underwater Monkey Cowboys,-99,4/3 Div 2,15,13,True,20,36,4/3 Div 2,4/3 Div 3
Store Bought Dirt,Nerd Alert,-99,4/3 Div 2,15,10,True,20,26,4/3 Div 2,4/3 Div 2
Store Bought Dirt,Dominion,-99,4/3 Div 2,7,15,False,20,23,4/3 Div 2,4/3 Div 2
Store Bought Dirt,Fetch,-99,4/3 Div 2,13,11,True,20,21,4/3 Div 2,4/3 Div 2
Store Bought Dirt,Top Shelf,-99,4/3 Div 2,15,7,True,20,38,4/3 Div 2,4/3 Div 3
Store Bought Dirt,Tubbs,-99,4/3 Div 2,15,11,True,20,29,4/3 Div 2,4/3 Div 2
Store Bought Dirt,Hipster Kitties,-99,4/3 Div 2,15,11,True,20,30,4/3 Div 2,4/3 Div 2
Store Bought Dirt,123 Trap!,-99,4/3 Div 2,15,5,True,20,39,4/3 Div 2,4/3 Div 3
Store Bought Dirt,TuneSquad Squared,-99,4/3 Div 2,15,5,True,20,31,4/3 Div 2,4/3 Div 2
Store Bought Dirt,Stack to the Future,-99,4/3 Div 2,15,16,False,20,35,4/3 Div 2,4/3 Div 3
Store Bought Dirt,A Lil Bit Sticky,-99,4/3 Div 2,13,15,False,20,25,4/3 Div 2,4/3 Div 2
Store Bought Dirt,Flying Salsa,-99,4/3 Div 2,15,11,True,20,56,4/3 Div 2,5/2 Div 3
Fetch,Baboon Heart,-99,4/3 Div 2,15,6,True,21,37,4/3 Div 2,4/3 Div 3
Fetch,Booooooosh!,-99,4/3 Div 2,12,15,False,21,22,4/3 Div 2,4/3 Div 2
Fetch,Lady and the BAMF,-99,4/3 Div 2,15,7,True,21,28,4/3 Div 2,4/3 Div 2
Fetch,TuneSquad Squared,-99,4/3 Div 2,15,6,True,21,31,4/3 Div 2,4/3 Div 2
Fetch,Lady and the BAMF,-99,4/3 Div 2,15,2,True,21,28,4/3 Div 2,4/3 Div 2
Fetch,Tubbs,-99,4/3 Div 2,15,10,True,21,29,4/3 Div 2,4/3 Div 2
Fetch,Booooooosh!,-99,4/3 Div 2,9,15,False,21,22,4/3 Div 2,4/3 Div 2
Fetch,Moose Lightning,-99,4/3 Div 2,15,6,True,21,27,4/3 Div 2,4/3 Div 2
Booooooosh!,Lady and the BAMF,-99,4/3 Div 2,15,12,True,22,28,4/3 Div 2,4/3 Div 2
Booooooosh!,Tofu Wolf,-99,4/3 Div 2,15,7,True,22,59,4/3 Div 2,5/2 Div 3
Dominion,Lady and the BAMF,-99,4/3 Div 2,15,6,True,23,28,4/3 Div 2,4/3 Div 2
Dominion,TuneSquad Squared,-99,4/3 Div 2,15,8,True,23,31,4/3 Div 2,4/3 Div 2
Dominion,Rogues' Gallery,-99,4/3 Div 2,13,12,True,23,24,4/3 Div 2,4/3 Div 2
Dominion,Nerd Alert,-99,4/3 Div 2,15,8,True,23,26,4/3 Div 2,4/3 Div 2
Dominion,Tubbs,-99,4/3 Div 2,15,9,True,23,29,4/3 Div 2,4/3 Div 2
Rogues' Gallery,Nerd Alert,-99,4/3 Div 2,13,5,True,24,26,4/3 Div 2,4/3 Div 2
Rogues' Gallery,Tubbs,-99,4/3 Div 2,13,7,True,24,29,4/3 Div 2,4/3 Div 2
Rogues' Gallery,Stack to the Future,-99,4/3 Div 2,15,11,True,24,35,4/3 Div 2,4/3 Div 3
Rogues' Gallery,Top Shelf,-99,4/3 Div 2,15,12,True,24,38,4/3 Div 2,4/3 Div 3
Rogues' Gallery,SHRedline,-99,4/3 Div 2,15,10,True,24,51,4/3 Div 2,5/2 Div 2
Rogues' Gallery,A Lil Bit Sticky,-99,4/3 Div 2,10,15,False,24,25,4/3 Div 2,4/3 Div 2
Rogues' Gallery,Moose Lightning,-99,4/3 Div 2,14,16,False,24,27,4/3 Div 2,4/3 Div 2
Rogues' Gallery,Hipster Kitties,-99,4/3 Div 2,15,4,True,24,30,4/3 Div 2,4/3 Div 2
Rogues' Gallery,Oddjob,-99,4/3 Div 2,15,9,True,24,33,4/3 Div 2,4/3 Div 3
A Lil Bit Sticky,Nerd Alert,-99,4/3 Div 2,15,4,True,25,26,4/3 Div 2,4/3 Div 2
A Lil Bit Sticky,Tubbs,-99,4/3 Div 2,15,13,True,25,29,4/3 Div 2,4/3 Div 2
A Lil Bit Sticky,Baba Yaga,-99,4/3 Div 2,5,15,False,25,45,4/3 Div 2,5/2 Div 2
A Lil Bit Sticky,Hipster Kitties,-99,4/3 Div 2,15,10,True,25,30,4/3 Div 2,4/3 Div 2
A Lil Bit Sticky,Moose Lightning,-99,4/3 Div 2,12,15,False,25,27,4/3 Div 2,4/3 Div 2
Nerd Alert,Tubbs,-99,4/3 Div 2,13,8,True,26,29,4/3 Div 2,4/3 Div 2
Nerd Alert,Get Flat Ultimate,-99,4/3 Div 2,10,15,False,26,49,4/3 Div 2,5/2 Div 2
Nerd Alert,TuneSquad Squared,-99,4/3 Div 2,15,13,True,26,31,4/3 Div 2,4/3 Div 2
Nerd Alert,Hipster Kitties,-99,4/3 Div 2,15,11,True,26,30,4/3 Div 2,4/3 Div 2
Nerd Alert,123 Trap!,-99,4/3 Div 2,15,3,True,26,39,4/3 Div 2,4/3 Div 3
Nerd Alert,Too Drunk to Fail,-99,4/3 Div 2,11,13,False,26,32,4/3 Div 2,4/3 Div 3
Nerd Alert,Oddjob,-99,4/3 Div 2,11,15,False,26,33,4/3 Div 2,4/3 Div 3
Moose Lightning,Tubbs,-99,4/3 Div 2,15,9,True,27,29,4/3 Div 2,4/3 Div 2
Lady and the BAMF,Underwater Monkey Cowboys,-99,4/3 Div 2,15,8,True,28,36,4/3 Div 2,4/3 Div 3
Lady and the BAMF,Baboon Heart,-99,4/3 Div 2,15,11,True,28,37,4/3 Div 2,4/3 Div 3
Lady and the BAMF,Jiggy,-99,4/3 Div 2,14,6,True,28,63,4/3 Div 2,5/2 Div 3
Lady and the BAMF,Baba Yaga,-99,4/3 Div 2,11,15,False,28,45,4/3 Div 2,5/2 Div 2
Lady and the BAMF,Oddjob,-99,4/3 Div 2,8,12,False,28,33,4/3 Div 2,4/3 Div 3
Lady and the BAMF,Stack to the Future,-99,4/3 Div 2,12,7,True,28,35,4/3 Div 2,4/3 Div 3
Lady and the BAMF,Hipster Kitties,-99,4/3 Div 2,12,10,True,28,30,4/3 Div 2,4/3 Div 2
Tubbs,Jiggy,-99,4/3 Div 2,15,10,True,29,63,4/3 Div 2,5/2 Div 3
Tubbs,TuneSquad Squared,-99,4/3 Div 2,15,9,True,29,31,4/3 Div 2,4/3 Div 2
Tubbs,Baba Yaga,-99,4/3 Div 2,3,15,False,29,45,4/3 Div 2,5/2 Div 2
Hipster Kitties,123 Trap!,-99,4/3 Div 2,15,5,True,30,39,4/3 Div 2,4/3 Div 3
Hipster Kitties,Tofu Wolf,-99,4/3 Div 2,15,9,True,30,59,4/3 Div 2,5/2 Div 3
Hipster Kitties,Too Drunk to Fail,-99,4/3 Div 2,8,14,False,30,32,4/3 Div 2,4/3 Div 3
Hipster Kitties,Spam,-99,4/3 Div 2,11,15,False,30,60,4/3 Div 2,5/2 Div 3
Hipster Kitties,Underwater Monkey Cowboys,-99,4/3 Div 2,9,15,False,30,36,4/3 Div 2,4/3 Div 3
TuneSquad Squared,Batman and the Robins,-99,4/3 Div 2,9,15,False,31,34,4/3 Div 2,4/3 Div 3
TuneSquad Squared,Oddjob,-99,4/3 Div 2,6,13,False,31,33,4/3 Div 2,4/3 Div 3
TuneSquad Squared,Stack to the Future,-99,4/3 Div 2,13,15,False,31,35,4/3 Div 2,4/3 Div 3
TuneSquad Squared,Too Drunk to Fail,-99,4/3 Div 2,7,14,False,31,32,4/3 Div 2,4/3 Div 3
Too Drunk to Fail,Underwater Monkey Cowboys,-99,4/3 Div 3,15,11,True,32,36,4/3 Div 3,4/3 Div 3
Too Drunk to Fail,Oddjob,-99,4/3 Div 3,7,8,False,32,33,4/3 Div 3,4/3 Div 3
Too Drunk to Fail,Stack to the Future,-99,4/3 Div 3,15,6,True,32,35,4/3 Div 3,4/3 Div 3
Too Drunk to Fail,123 Trap!,-99,4/3 Div 3,15,4,True,32,39,4/3 Div 3,4/3 Div 3
Too Drunk to Fail,Alpha No Beta,-99,4/3 Div 3,15,7,True,32,58,4/3 Div 3,5/2 Div 3
Too Drunk to Fail,Jiggy,-99,4/3 Div 3,15,8,True,32,63,4/3 Div 3,5/2 Div 3
Too Drunk to Fail,Batman and the Robins,-99,4/3 Div 3,15,12,True,32,34,4/3 Div 3,4/3 Div 3
Too Drunk to Fail,Underwater Monkey Cowboys,-99,4/3 Div 3,12,6,True,32,36,4/3 Div 3,4/3 Div 3
Too Drunk to Fail,Tofu Wolf,-99,4/3 Div 3,12,11,True,32,59,4/3 Div 3,5/2 Div 3
Oddjob,Spam,-99,4/3 Div 3,15,9,True,33,60,4/3 Div 3,5/2 Div 3
Oddjob,123 Trap!,-99,4/3 Div 3,12,7,True,33,39,4/3 Div 3,4/3 Div 3
Oddjob,Tofu Wolf,-99,4/3 Div 3,7,11,False,33,59,4/3 Div 3,5/2 Div 3
Oddjob,Alpha No Beta,-99,4/3 Div 3,10,15,False,33,58,4/3 Div 3,5/2 Div 3
Oddjob,Batman and the Robins,-99,4/3 Div 3,15,10,True,33,34,4/3 Div 3,4/3 Div 3
Oddjob,Spam,-99,4/3 Div 3,15,12,True,33,60,4/3 Div 3,5/2 Div 3
Oddjob,Underwater Monkey Cowboys,-99,4/3 Div 3,15,14,True,33,36,4/3 Div 3,4/3 Div 3
Oddjob,Tofu Wolf,-99,4/3 Div 3,11,15,False,33,59,4/3 Div 3,5/2 Div 3
Oddjob,Stack to the Future,-99,4/3 Div 3,14,12,True,33,35,4/3 Div 3,4/3 Div 3
Oddjob,Underwater Monkey Cowboys,-99,4/3 Div 3,12,5,True,33,36,4/3 Div 3,4/3 Div 3
Oddjob,Killer Bees,-99,4/3 Div 3,15,13,True,33,61,4/3 Div 3,5/2 Div 3
Oddjob,Baboon Heart,-99,4/3 Div 3,11,10,True,33,37,4/3 Div 3,4/3 Div 3
Batman and the Robins,Stack to the Future,-99,4/3 Div 3,8,15,False,34,35,4/3 Div 3,4/3 Div 3
Batman and the Robins,Killer Bees,-99,4/3 Div 3,12,11,True,34,61,4/3 Div 3,5/2 Div 3
Batman and the Robins,123 Trap!,-99,4/3 Div 3,13,9,True,34,39,4/3 Div 3,4/3 Div 3
Batman and the Robins,Baboon Heart,-99,4/3 Div 3,15,9,True,34,37,4/3 Div 3,4/3 Div 3
Batman and the Robins,Underwater Monkey Cowboys,-99,4/3 Div 3,10,15,False,34,36,4/3 Div 3,4/3 Div 3
Batman and the Robins,Rabbit Disc,-99,4/3 Div 3,12,14,False,34,54,4/3 Div 3,5/2 Div 3
Batman and the Robins,Jiggy,-99,4/3 Div 3,11,9,True,34,63,4/3 Div 3,5/2 Div 3
Batman and the Robins,Tofu Wolf,-99,4/3 Div 3,7,15,False,34,59,4/3 Div 3,5/2 Div 3
Batman and the Robins,Spawning Alewives,-99,4/3 Div 3,15,7,True,34,66,4/3 Div 3,5/2 Div 3
Stack to the Future,Spam,-99,4/3 Div 3,12,8,True,35,60,4/3 Div 3,5/2 Div 3
Stack to the Future,Baboon Heart,-99,4/3 Div 3,11,13,False,35,37,4/3 Div 3,4/3 Div 3
Stack to the Future,Shake and Bake,-99,4/3 Div 3,3,13,False,35,42,4/3 Div 3,5/2 Div 1
Stack to the Future,Underwater Monkey Cowboys,-99,4/3 Div 3,11,10,True,35,36,4/3 Div 3,4/3 Div 3
Stack to the Future,Spawning Alewives,-99,4/3 Div 3,15,4,True,35,66,4/3 Div 3,5/2 Div 3
Stack to the Future,Rabbit Disc,-99,4/3 Div 3,10,15,False,35,54,4/3 Div 3,5/2 Div 3
Stack to the Future,123 Trap!,-99,4/3 Div 3,15,4,True,35,39,4/3 Div 3,4/3 Div 3
Stack to the Future,Tofu Wolf,-99,4/3 Div 3,14,16,False,35,59,4/3 Div 3,5/2 Div 3
Stack to the Future,Alpha No Beta,-99,4/3 Div 3,15,11,True,35,58,4/3 Div 3,5/2 Div 3
Stack to the Future,Top Shelf,-99,4/3 Div 3,10,15,False,35,38,4/3 Div 3,4/3 Div 3
Stack to the Future,Killer Bees,-99,4/3 Div 3,14,11,True,35,61,4/3 Div 3,5/2 Div 3
Underwater Monkey Cowboys,Tofu Wolf,-99,4/3 Div 3,15,8,True,36,59,4/3 Div 3,5/2 Div 3
Underwater Monkey Cowboys,Baboon Heart,-99,4/3 Div 3,12,15,False,36,37,4/3 Div 3,4/3 Div 3
Underwater Monkey Cowboys,Jiggy,-99,4/3 Div 3,15,15,False,36,63,4/3 Div 3,5/2 Div 3
Underwater Monkey Cowboys,Top Shelf,-99,4/3 Div 3,15,14,True,36,38,4/3 Div 3,4/3 Div 3
Underwater Monkey Cowboys,123 Trap!,-99,4/3 Div 3,15,4,True,36,39,4/3 Div 3,4/3 Div 3
Underwater Monkey Cowboys,Jiggy,-99,4/3 Div 3,13,11,True,36,63,4/3 Div 3,5/2 Div 3
Baboon Heart,Jiggy,-99,4/3 Div 3,11,9,True,37,63,4/3 Div 3,5/2 Div 3
Baboon Heart,Killer Bees,-99,4/3 Div 3,13,12,True,37,61,4/3 Div 3,5/2 Div 3
Baboon Heart,Rabbit Disc,-99,4/3 Div 3,5,15,False,37,54,4/3 Div 3,5/2 Div 3
Top Shelf,Tofu Wolf,-99,4/3 Div 3,8,15,False,38,59,4/3 Div 3,5/2 Div 3
Top Shelf,Jiggy,-99,4/3 Div 3,13,7,True,38,63,4/3 Div 3,5/2 Div 3
123 Trap!,Tofu Wolf,-99,4/3 Div 3,5,15,False,39,59,4/3 Div 3,5/2 Div 3
123 Trap!,Jiggy,-99,4/3 Div 3,15,12,True,39,63,4/3 Div 3,5/2 Div 3
SnakeCountryBromance,Shake and Bake,-99,5/2 Div 1,15,5,True,40,42,5/2 Div 1,5/2 Div 1
SnakeCountryBromance,SHRedline,-99,5/2 Div 1,15,8,True,40,51,5/2 Div 1,5/2 Div 2
Stonecutters,Shake and Bake,-99,5/2 Div 1,13,11,True,41,42,5/2 Div 1,5/2 Div 1
Stonecutters,Bacon,-99,5/2 Div 1,15,7,True,41,48,5/2 Div 1,5/2 Div 2
Stonecutters,Hucky McThrowandcatch,-99,5/2 Div 1,15,7,True,41,50,5/2 Div 1,5/2 Div 2
Stonecutters,JuJu Hex,-99,5/2 Div 1,15,13,True,41,43,5/2 Div 1,5/2 Div 2
Stonecutters,Iron Squids,-99,5/2 Div 1,1,0,True,41,53,5/2 Div 1,5/2 Div 2
Stonecutters,Get Flat Ultimate,-99,5/2 Div 1,15,3,True,41,49,5/2 Div 1,5/2 Div 2
Stonecutters,Maverick,-99,5/2 Div 1,13,9,True,41,46,5/2 Div 1,5/2 Div 2
Shake and Bake,Pink Flamingos,-99,5/2 Div 1,9,15,False,42,44,5/2 Div 1,5/2 Div 2
Shake and Bake,The Funky Bunch,-99,5/2 Div 1,11,15,False,42,52,5/2 Div 1,5/2 Div 2
Shake and Bake,Maverick,-99,5/2 Div 1,0,0,False,42,46,5/2 Div 1,5/2 Div 2
Shake and Bake,SHRedline,-99,5/2 Div 1,10,15,False,42,51,5/2 Div 1,5/2 Div 2
Shake and Bake,Iron Squids,-99,5/2 Div 1,13,10,True,42,53,5/2 Div 1,5/2 Div 2
JuJu Hex,Get Flat Ultimate,-99,5/2 Div 2,11,14,False,43,49,5/2 Div 2,5/2 Div 2
JuJu Hex,SIR!,-99,5/2 Div 2,15,3,True,43,64,5/2 Div 2,5/2 Div 3
JuJu Hex,Flying Salsa,-99,5/2 Div 2,15,6,True,43,56,5/2 Div 2,5/2 Div 3
JuJu Hex,Baba Yaga,-99,5/2 Div 2,15,11,True,43,45,5/2 Div 2,5/2 Div 2
JuJu Hex,M.O.B.,-99,5/2 Div 2,15,3,True,43,65,5/2 Div 2,5/2 Div 3
JuJu Hex,Baba Yaga,-99,5/2 Div 2,15,11,True,43,45,5/2 Div 2,5/2 Div 2
JuJu Hex,Bacon,-99,5/2 Div 2,15,8,True,43,48,5/2 Div 2,5/2 Div 2
JuJu Hex,Get Flat Ultimate,-99,5/2 Div 2,15,8,True,43,49,5/2 Div 2,5/2 Div 2
JuJu Hex,Granite State Grass Stains,-99,5/2 Div 2,15,10,True,43,55,5/2 Div 2,5/2 Div 3
JuJu Hex,Tofu Wolf,-99,5/2 Div 2,15,4,True,43,59,5/2 Div 2,5/2 Div 3
JuJu Hex,SIR!,-99,5/2 Div 2,15,14,True,43,64,5/2 Div 2,5/2 Div 3
JuJu Hex,Flying Salsa,-99,5/2 Div 2,15,7,True,43,56,5/2 Div 2,5/2 Div 3
Pink Flamingos,Rabbit Disc,-99,5/2 Div 2,17,12,True,44,54,5/2 Div 2,5/2 Div 3
Pink Flamingos,Get Flat Ultimate,-99,5/2 Div 2,15,9,True,44,49,5/2 Div 2,5/2 Div 2
Pink Flamingos,The Funky Bunch,-99,5/2 Div 2,15,7,True,44,52,5/2 Div 2,5/2 Div 2
Pink Flamingos,Bacon,-99,5/2 Div 2,15,13,True,44,48,5/2 Div 2,5/2 Div 2
Pink Flamingos,Iron Squids,-99,5/2 Div 2,15,10,True,44,53,5/2 Div 2,5/2 Div 2
Pink Flamingos,Maverick,-99,5/2 Div 2,10,15,False,44,46,5/2 Div 2,5/2 Div 2
Pink Flamingos,Demons,-99,5/2 Div 2,15,11,True,44,57,5/2 Div 2,5/2 Div 3
Pink Flamingos,SHRedline,-99,5/2 Div 2,15,7,True,44,51,5/2 Div 2,5/2 Div 2
Pink Flamingos,Hippos,-99,5/2 Div 2,15,8,True,44,47,5/2 Div 2,5/2 Div 2
Baba Yaga,Hucky McThrowandcatch,-99,5/2 Div 2,15,12,True,45,50,5/2 Div 2,5/2 Div 2
Baba Yaga,Flying Salsa,-99,5/2 Div 2,15,10,True,45,56,5/2 Div 2,5/2 Div 3
Baba Yaga,Bacon,-99,5/2 Div 2,15,8,True,45,48,5/2 Div 2,5/2 Div 2
Baba Yaga,Demons,-99,5/2 Div 2,15,11,True,45,57,5/2 Div 2,5/2 Div 3
Baba Yaga,Iron Squids,-99,5/2 Div 2,15,10,True,45,53,5/2 Div 2,5/2 Div 2
Baba Yaga,Get Flat Ultimate,-99,5/2 Div 2,15,8,True,45,49,5/2 Div 2,5/2 Div 2
Maverick,SHRedline,-99,5/2 Div 2,14,8,True,46,51,5/2 Div 2,5/2 Div 2
Maverick,Alpha No Beta,-99,5/2 Div 2,15,6,True,46,58,5/2 Div 2,5/2 Div 3
Maverick,Tofu Wolf,-99,5/2 Div 2,15,11,True,46,59,5/2 Div 2,5/2 Div 3
Maverick,Hippos,-99,5/2 Div 2,15,12,True,46,47,5/2 Div 2,5/2 Div 2
Maverick,Hucky McThrowandcatch,-99,5/2 Div 2,15,8,True,46,50,5/2 Div 2,5/2 Div 2
Maverick,Iron Squids,-99,5/2 Div 2,15,8,True,46,53,5/2 Div 2,5/2 Div 2
Maverick,Flying Salsa,-99,5/2 Div 2,15,10,True,46,56,5/2 Div 2,5/2 Div 3
Maverick,Bacon,-99,5/2 Div 2,13,15,False,46,48,5/2 Div 2,5/2 Div 2
Hippos,M.O.B.,-99,5/2 Div 2,15,10,True,47,65,5/2 Div 2,5/2 Div 3
Hippos,THEM!,-99,5/2 Div 2,1,0,True,47,62,5/2 Div 2,5/2 Div 3
Hippos,SHRedline,-99,5/2 Div 2,15,13,True,47,51,5/2 Div 2,5/2 Div 2
Hippos,SIR!,-99,5/2 Div 2,15,9,True,47,64,5/2 Div 2,5/2 Div 3
Hippos,Granite State Grass Stains,-99,5/2 Div 2,15,10,True,47,55,5/2 Div 2,5/2 Div 3
Hippos,The Funky Bunch,-99,5/2 Div 2,15,9,True,47,52,5/2 Div 2,5/2 Div 2
Hippos,Hucky McThrowandcatch,-99,5/2 Div 2,12,15,False,47,50,5/2 Div 2,5/2 Div 2
Hippos,Iron Squids,-99,5/2 Div 2,15,9,True,47,53,5/2 Div 2,5/2 Div 2
Hippos,SIR!,-99,5/2 Div 2,15,9,True,47,64,5/2 Div 2,5/2 Div 3
Hippos,Flying Salsa,-99,5/2 Div 2,15,7,True,47,56,5/2 Div 2,5/2 Div 3
Bacon,M.O.B.,-99,5/2 Div 2,15,10,True,48,65,5/2 Div 2,5/2 Div 3
Bacon,SIR!,-99,5/2 Div 2,15,6,True,48,64,5/2 Div 2,5/2 Div 3
Bacon,SIR!,-99,5/2 Div 2,17,15,True,48,64,5/2 Div 2,5/2 Div 3
Bacon,THEM!,-99,5/2 Div 2,15,6,True,48,62,5/2 Div 2,5/2 Div 3
Bacon,Get Flat Ultimate,-99,5/2 Div 2,15,10,True,48,49,5/2 Div 2,5/2 Div 2
Bacon,Flying Salsa,-99,5/2 Div 2,15,5,True,48,56,5/2 Div 2,5/2 Div 3
Get Flat Ultimate,Flying Salsa,-99,5/2 Div 2,15,10,True,49,56,5/2 Div 2,5/2 Div 3
Get Flat Ultimate,M.O.B.,-99,5/2 Div 2,15,3,True,49,65,5/2 Div 2,5/2 Div 3
Get Flat Ultimate,Spam,-99,5/2 Div 2,15,5,True,49,60,5/2 Div 2,5/2 Div 3
Get Flat Ultimate,Iron Squids,-99,5/2 Div 2,15,11,True,49,53,5/2 Div 2,5/2 Div 2
Get Flat Ultimate,SIR!,-99,5/2 Div 2,15,11,True,49,64,5/2 Div 2,5/2 Div 3
Get Flat Ultimate,Killer Bees,-99,5/2 Div 2,15,6,True,49,61,5/2 Div 2,5/2 Div 3
Get Flat Ultimate,Hucky McThrowandcatch,-99,5/2 Div 2,8,15,False,49,50,5/2 Div 2,5/2 Div 2
Get Flat Ultimate,SHRedline,-99,5/2 Div 2,10,15,False,49,51,5/2 Div 2,5/2 Div 2
Get Flat Ultimate,THEM!,-99,5/2 Div 2,15,8,True,49,62,5/2 Div 2,5/2 Div 3
Get Flat Ultimate,Granite State Grass Stains,-99,5/2 Div 2,6,15,False,49,55,5/2 Div 2,5/2 Div 3
Get Flat Ultimate,Rabbit Disc,-99,5/2 Div 2,13,12,True,49,54,5/2 Div 2,5/2 Div 3
Hucky McThrowandcatch,SHRedline,-99,5/2 Div 2,15,9,True,50,51,5/2 Div 2,5/2 Div 2
Hucky McThrowandcatch,Iron Squids,-99,5/2 Div 2,14,12,True,50,53,5/2 Div 2,5/2 Div 2
Hucky McThrowandcatch,The Funky Bunch,-99,5/2 Div 2,15,9,True,50,52,5/2 Div 2,5/2 Div 2
SHRedline,Iron Squids,-99,5/2 Div 2,15,14,True,51,53,5/2 Div 2,5/2 Div 2
SHRedline,The Funky Bunch,-99,5/2 Div 2,15,7,True,51,52,5/2 Div 2,5/2 Div 2
SHRedline,Spam,-99,5/2 Div 2,15,3,True,51,60,5/2 Div 2,5/2 Div 3
The Funky Bunch,Demons,-99,5/2 Div 2,15,13,True,52,57,5/2 Div 2,5/2 Div 3
The Funky Bunch,Rabbit Disc,-99,5/2 Div 2,15,13,True,52,54,5/2 Div 2,5/2 Div 3
The Funky Bunch,Rabbit Disc,-99,5/2 Div 2,13,15,False,52,54,5/2 Div 2,5/2 Div 3
Iron Squids,Flying Salsa,-99,5/2 Div 2,11,15,False,53,56,5/2 Div 2,5/2 Div 3
Iron Squids,Tofu Wolf,-99,5/2 Div 2,15,10,True,53,59,5/2 Div 2,5/2 Div 3
Rabbit Disc,Spam,-99,5/2 Div 3,14,11,True,54,60,5/2 Div 3,5/2 Div 3
Rabbit Disc,Granite State Grass Stains,-99,5/2 Div 3,9,15,False,54,55,5/2 Div 3,5/2 Div 3
Rabbit Disc,THEM!,-99,5/2 Div 3,15,9,True,54,62,5/2 Div 3,5/2 Div 3
Rabbit Disc,Tofu Wolf,-99,5/2 Div 3,15,11,True,54,59,5/2 Div 3,5/2 Div 3
Rabbit Disc,Spawning Alewives,-99,5/2 Div 3,15,6,True,54,66,5/2 Div 3,5/2 Div 3
Rabbit Disc,SIR!,-99,5/2 Div 3,9,15,False,54,64,5/2 Div 3,5/2 Div 3
Rabbit Disc,Spawning Alewives,-99,5/2 Div 3,15,7,True,54,66,5/2 Div 3,5/2 Div 3
Rabbit Disc,Jiggy,-99,5/2 Div 3,12,10,True,54,63,5/2 Div 3,5/2 Div 3
Rabbit Disc,Flying Salsa,-99,5/2 Div 3,12,13,False,54,56,5/2 Div 3,5/2 Div 3
Rabbit Disc,Alpha No Beta,-99,5/2 Div 3,11,13,False,54,58,5/2 Div 3,5/2 Div 3
Rabbit Disc,M.O.B.,-99,5/2 Div 3,15,6,True,54,65,5/2 Div 3,5/2 Div 3
Granite State Grass Stains,Alpha No Beta,-99,5/2 Div 3,15,7,True,55,58,5/2 Div 3,5/2 Div 3
Granite State Grass Stains,THEM!,-99,5/2 Div 3,1,0,True,55,62,5/2 Div 3,5/2 Div 3
Granite State Grass Stains,Flying Salsa,-99,5/2 Div 3,14,16,False,55,56,5/2 Div 3,5/2 Div 3
Granite State Grass Stains,Spawning Alewives,-99,5/2 Div 3,0,1,False,55,66,5/2 Div 3,5/2 Div 3
Granite State Grass Stains,Demons,-99,5/2 Div 3,15,7,True,55,57,5/2 Div 3,5/2 Div 3
Granite State Grass Stains,Spam,-99,5/2 Div 3,15,12,True,55,60,5/2 Div 3,5/2 Div 3
Flying Salsa,THEM!,-99,5/2 Div 3,15,4,True,56,62,5/2 Div 3,5/2 Div 3
Flying Salsa,M.O.B.,-99,5/2 Div 3,15,10,True,56,65,5/2 Div 3,5/2 Div 3
Flying Salsa,Spam,-99,5/2 Div 3,15,6,True,56,60,5/2 Div 3,5/2 Div 3
Flying Salsa,SIR!,-99,5/2 Div 3,15,6,True,56,64,5/2 Div 3,5/2 Div 3
Flying Salsa,Alpha No Beta,-99,5/2 Div 3,15,10,True,56,58,5/2 Div 3,5/2 Div 3
Flying Salsa,Spawning Alewives,-99,5/2 Div 3,15,8,True,56,66,5/2 Div 3,5/2 Div 3
Flying Salsa,Tofu Wolf,-99,5/2 Div 3,15,13,True,56,59,5/2 Div 3,5/2 Div 3
Flying Salsa,Killer Bees,-99,5/2 Div 3,15,7,True,56,61,5/2 Div 3,5/2 Div 3
Flying Salsa,Demons,-99,5/2 Div 3,15,11,True,56,57,5/2 Div 3,5/2 Div 3
Demons,Alpha No Beta,-99,5/2 Div 3,15,8,True,57,58,5/2 Div 3,5/2 Div 3
Demons,SIR!,-99,5/2 Div 3,15,9,True,57,64,5/2 Div 3,5/2 Div 3
Demons,Killer Bees,-99,5/2 Div 3,15,11,True,57,61,5/2 Div 3,5/2 Div 3
Demons,Spawning Alewives,-99,5/2 Div 3,15,1,True,57,66,5/2 Div 3,5/2 Div 3
Demons,Spam,-99,5/2 Div 3,13,14,False,57,60,5/2 Div 3,5/2 Div 3
Alpha No Beta,Jiggy,-99,5/2 Div 3,11,14,False,58,63,5/2 Div 3,5/2 Div 3
Alpha No Beta,THEM!,-99,5/2 Div 3,4,15,False,58,62,5/2 Div 3,5/2 Div 3
Alpha No Beta,Spam,-99,5/2 Div 3,15,7,True,58,60,5/2 Div 3,5/2 Div 3
Alpha No Beta,Spawning Alewives,-99,5/2 Div 3,15,5,True,58,66,5/2 Div 3,5/2 Div 3
Alpha No Beta,Jiggy,-99,5/2 Div 3,15,8,True,58,63,5/2 Div 3,5/2 Div 3
Alpha No Beta,Tofu Wolf,-99,5/2 Div 3,15,4,True,58,59,5/2 Div 3,5/2 Div 3
Alpha No Beta,M.O.B.,-99,5/2 Div 3,15,12,True,58,65,5/2 Div 3,5/2 Div 3
Alpha No Beta,Killer Bees,-99,5/2 Div 3,15,12,True,58,61,5/2 Div 3,5/2 Div 3
Alpha No Beta,Tofu Wolf,-99,5/2 Div 3,5,15,False,58,59,5/2 Div 3,5/2 Div 3
Alpha No Beta,SIR!,-99,5/2 Div 3,14,13,True,58,64,5/2 Div 3,5/2 Div 3
Alpha No Beta,Jiggy,-99,5/2 Div 3,15,7,True,58,63,5/2 Div 3,5/2 Div 3
Tofu Wolf,Spam,-99,5/2 Div 3,13,15,False,59,60,5/2 Div 3,5/2 Div 3
Tofu Wolf,Jiggy,-99,5/2 Div 3,14,13,True,59,63,5/2 Div 3,5/2 Div 3
Tofu Wolf,SIR!,-99,5/2 Div 3,14,16,False,59,64,5/2 Div 3,5/2 Div 3
Tofu Wolf,Spawning Alewives,-99,5/2 Div 3,15,8,True,59,66,5/2 Div 3,5/2 Div 3
Tofu Wolf,THEM!,-99,5/2 Div 3,15,13,True,59,62,5/2 Div 3,5/2 Div 3
Tofu Wolf,Jiggy,-99,5/2 Div 3,4,15,False,59,63,5/2 Div 3,5/2 Div 3
Tofu Wolf,Killer Bees,-99,5/2 Div 3,13,7,True,59,61,5/2 Div 3,5/2 Div 3
Tofu Wolf,Spam,-99,5/2 Div 3,10,12,False,59,60,5/2 Div 3,5/2 Div 3
Spam,M.O.B.,-99,5/2 Div 3,15,9,True,60,65,5/2 Div 3,5/2 Div 3
Spam,THEM!,-99,5/2 Div 3,16,14,True,60,62,5/2 Div 3,5/2 Div 3
Spam,Killer Bees,-99,5/2 Div 3,15,9,True,60,61,5/2 Div 3,5/2 Div 3
Spam,Jiggy,-99,5/2 Div 3,15,7,True,60,63,5/2 Div 3,5/2 Div 3
Spam,Jiggy,-99,5/2 Div 3,14,15,False,60,63,5/2 Div 3,5/2 Div 3
Spam,SIR!,-99,5/2 Div 3,15,8,True,60,64,5/2 Div 3,5/2 Div 3
Killer Bees,Spawning Alewives,-99,5/2 Div 3,14,9,True,61,66,5/2 Div 3,5/2 Div 3
Killer Bees,SIR!,-99,5/2 Div 3,15,11,True,61,64,5/2 Div 3,5/2 Div 3
Killer Bees,THEM!,-99,5/2 Div 3,15,10,True,61,62,5/2 Div 3,5/2 Div 3
Killer Bees,Jiggy,-99,5/2 Div 3,13,15,False,61,63,5/2 Div 3,5/2 Div 3
THEM!,M.O.B.,-99,5/2 Div 3,0,1,False,62,65,5/2 Div 3,5/2 Div 3
THEM!,Spawning Alewives,-99,5/2 Div 3,12,9,True,62,66,5/2 Div 3,5/2 Div 3
THEM!,SIR!,-99,5/2 Div 3,12,15,False,62,64,5/2 Div 3,5/2 Div 3
THEM!,Jiggy,-99,5/2 Div 3,0,1,False,62,63,5/2 Div 3,5/2 Div 3
SIR!,M.O.B.,-99,5/2 Div 3,15,12,True,64,65,5/2 Div 3,5/2 Div 3
M.O.B.,Spawning Alewives,-99,5/2 Div 3,15,12,True,65,66,5/2 Div 3,5/2 Div 3
